x,f,df,F
0,0,0,0
0.001001001001001,1.00200300400501e-06,0.002002002002002,3.34335336671674e-10
0.002002002002002,4.00801201602002e-06,0.004004004004004,2.67468269337339e-09
0.003003003003003,9.01802703604505e-06,0.00600600600600601,9.02705409013519e-09
0.004004004004004,1.60320480640801e-05,0.00800800800800801,2.13974615469871e-08
0.005005005005005,2.50500751001251e-05,0.01001001001001,4.17919170839592e-08
0.00600600600600601,3.60721081441802e-05,0.012012012012012,7.22164327210815e-08
0.00700700700700701,4.90981471962453e-05,0.014014014014014,1.14677020478384e-07
0.00800800800800801,6.41281922563204e-05,0.016016016016016,1.71179692375897e-07
0.00900900900900901,8.11622433244055e-05,0.018018018018018,2.4373046043365e-07
0.01001001001001,0.000100200300400501,0.02002002002002,3.34335336671674e-07
0.011011011011011,0.000121242363484606,0.022022022022022,4.45000333109998e-07
0.012012012012012,0.000144288432576721,0.024024024024024,5.77731461768652e-07
0.013013013013013,0.000169338507676846,0.026026026026026,7.34534734667667e-07
0.014014014014014,0.000196392588784981,0.028028028028028,9.17416163827072e-07
0.015015015015015,0.000225450675901126,0.03003003003003,1.1283817612669e-06
0.016016016016016,0.000256512769025282,0.032032032032032,1.36943753900718e-06
0.017017017017017,0.000289578868157447,0.034034034034034,1.64258950906793e-06
0.018018018018018,0.000324648973297622,0.036036036036036,1.9498436834692e-06
0.019019019019019,0.000361723084445807,0.038038038038038,2.29320607423101e-06
0.02002002002002,0.000400801201602002,0.04004004004004,2.67468269337339e-06
0.021021021021021,0.000441883324766208,0.042042042042042,3.09627955291637e-06
0.022022022022022,0.000484969453938423,0.044044044044044,3.56000266487998e-06
0.023023023023023,0.000530059589118648,0.046046046046046,4.06785804128425e-06
0.024024024024024,0.000577153730306883,0.048048048048048,4.62185169414922e-06
0.025025025025025,0.000626251877503129,0.05005005005005,5.2239896354949e-06
0.026026026026026,0.000677354030707384,0.0520520520520521,5.87627787734134e-06
0.027027027027027,0.00073046018991965,0.0540540540540541,6.58072243170856e-06
0.028028028028028,0.000785570355139925,0.0560560560560561,7.33932931061658e-06
0.029029029029029,0.00084268452636821,0.0580580580580581,8.15410452608545e-06
0.03003003003003,0.000901802703604505,0.0600600600600601,9.02705409013519e-06
0.031031031031031,0.000962924886848811,0.0620620620620621,9.96018401478583e-06
0.032032032032032,0.00102605107610113,0.0640640640640641,1.09555003120574e-05
0.033033033033033,0.00109118127136145,0.0660660660660661,1.20150089939699e-05
0.034034034034034,0.00115831547262979,0.0680680680680681,1.31407160725435e-05
0.035035035035035,0.00122745367990613,0.0700700700700701,1.4334627559798e-05
0.036036036036036,0.00129859589319049,0.0720720720720721,1.55987494677536e-05
0.037037037037037,0.00137174211248285,0.0740740740740741,1.69350878084303e-05
0.038038038038038,0.00144689233778323,0.0760760760760761,1.83456485938481e-05
0.039039039039039,0.00152404656909161,0.0780780780780781,1.9832437836027e-05
0.04004004004004,0.00160320480640801,0.0800800800800801,2.13974615469871e-05
0.041041041041041,0.00168436704973242,0.0820820820820821,2.30427257387484e-05
0.042042042042042,0.00176753329906483,0.0840840840840841,2.4770236423331e-05
0.043043043043043,0.00185270355440526,0.0860860860860861,2.65819996127548e-05
0.044044044044044,0.00193987781575369,0.0880880880880881,2.84800213190398e-05
0.045045045045045,0.00202905608311014,0.0900900900900901,3.04663075542063e-05
0.046046046046046,0.00212023835647459,0.0920920920920921,3.2542864330274e-05
0.047047047047047,0.00221342463584706,0.0940940940940941,3.47116976592632e-05
0.048048048048048,0.00230861492122753,0.0960960960960961,3.69748135531937e-05
0.049049049049049,0.00240580921261602,0.0980980980980981,3.93342180240857e-05
0.05005005005005,0.00250500751001251,0.1001001001001,4.17919170839592e-05
0.0510510510510511,0.00260620981341702,0.102102102102102,4.43499167448342e-05
0.0520520520520521,0.00270941612282954,0.104104104104104,4.70102230187307e-05
0.0530530530530531,0.00281462643825006,0.106106106106106,4.97748419176688e-05
0.0540540540540541,0.0029218407596786,0.108108108108108,5.26457794536684e-05
0.0550550550550551,0.00303105908711514,0.11011011011011,5.56250416387497e-05
0.0560560560560561,0.0031422814205597,0.112112112112112,5.87146344849326e-05
0.0570570570570571,0.00325550776001226,0.114114114114114,6.19165640042373e-05
0.0580580580580581,0.00337073810547284,0.116116116116116,6.52328362086836e-05
0.0590590590590591,0.00348797245694143,0.118118118118118,6.86654571102917e-05
0.0600600600600601,0.00360721081441802,0.12012012012012,7.22164327210815e-05
0.0610610610610611,0.00372845317790263,0.122122122122122,7.58877690530732e-05
0.0620620620620621,0.00385169954739524,0.124124124124124,7.96814721182867e-05
0.0630630630630631,0.00397694992289587,0.126126126126126,8.3599547928742e-05
0.0640640640640641,0.0041042043044045,0.128128128128128,8.76440024964592e-05
0.0650650650650651,0.00423346269192115,0.13013013013013,9.18168418334584e-05
0.0660660660660661,0.00436472508544581,0.132132132132132,9.61200719517595e-05
0.0670670670670671,0.00449799148497847,0.134134134134134,0.000100555698863383
0.0680680680680681,0.00463326189051915,0.136136136136136,0.000105125728580348
0.0690690690690691,0.00477053630206783,0.138138138138138,0.000109832167114675
0.0700700700700701,0.00490981471962453,0.14014014014014,0.000114677020478384
0.0710710710710711,0.00505109714318923,0.142142142142142,0.000119662294683495
0.0720720720720721,0.00519438357276195,0.144144144144144,0.000124789995742029
0.0730730730730731,0.00533967400834268,0.146146146146146,0.000130062129666005
0.0740740740740741,0.00548696844993141,0.148148148148148,0.000135480702467442
0.0750750750750751,0.00563626689752816,0.15015015015015,0.000141047720158362
0.0760760760760761,0.00578756935113292,0.152152152152152,0.000146765188750785
0.0770770770770771,0.00594087581074568,0.154154154154154,0.000152635114256729
0.0780780780780781,0.00609618627636646,0.156156156156156,0.000158659502688216
0.0790790790790791,0.00625350074799524,0.158158158158158,0.000164840360057265
0.0800800800800801,0.00641281922563204,0.16016016016016,0.000171179692375897
0.0810810810810811,0.00657414170927685,0.162162162162162,0.000177679505656131
0.0820820820820821,0.00673746819892966,0.164164164164164,0.000184341805909987
0.0830830830830831,0.00690279869459049,0.166166166166166,0.000191168599149486
0.0840840840840841,0.00707013319625932,0.168168168168168,0.000198161891386648
0.0850850850850851,0.00723947170393617,0.17017017017017,0.000205323688633492
0.0860860860860861,0.00741081421762103,0.172172172172172,0.000212655996902038
0.0870870870870871,0.00758416073731389,0.174174174174174,0.000220160822204307
0.0880880880880881,0.00775951126301477,0.176176176176176,0.000227840170552319
0.0890890890890891,0.00793686579472365,0.178178178178178,0.000235696047958093
0.0900900900900901,0.00811622433244055,0.18018018018018,0.00024373046043365
0.0910910910910911,0.00829758687616546,0.182182182182182,0.00025194541399101
0.0920920920920921,0.00848095342589837,0.184184184184184,0.000260342914642192
0.0930930930930931,0.0086663239816393,0.186186186186186,0.000268924968399217
0.0940940940940941,0.00885369854338823,0.188188188188188,0.000277693581274105
0.0950950950950951,0.00904307711114518,0.19019019019019,0.000286650759278876
0.0960960960960961,0.00923445968491014,0.192192192192192,0.00029579850842555
0.0970970970970971,0.0094278462646831,0.194194194194194,0.000305138834726146
0.0980980980980981,0.00962323685046408,0.196196196196196,0.000314673744192686
0.0990990990990991,0.00982063144225306,0.198198198198198,0.000324405242837188
0.1001001001001,0.0100200300400501,0.2002002002002,0.000334335336671674
0.101101101101101,0.0102214326438551,0.202202202202202,0.000344466031708162
0.102102102102102,0.0104248392536681,0.204204204204204,0.000354799333958673
0.103103103103103,0.0106302498694891,0.206206206206206,0.000365337249435228
0.104104104104104,0.0108376644913181,0.208208208208208,0.000376081784149845
0.105105105105105,0.0110470831191552,0.21021021021021,0.000387034944114546
0.106106106106106,0.0112585057530002,0.212212212212212,0.00039819873534135
0.107107107107107,0.0114719323928533,0.214214214214214,0.000409575163842277
0.108108108108108,0.0116873630387144,0.216216216216216,0.000421166235629348
0.109109109109109,0.0119047976905835,0.218218218218218,0.000432973956714581
0.11011011011011,0.0121242363484606,0.22022022022022,0.000445000333109998
0.111111111111111,0.0123456790123457,0.222222222222222,0.000457247370827618
0.112112112112112,0.0125691256822388,0.224224224224224,0.000469717075879461
0.113113113113113,0.0127945763581399,0.226226226226226,0.000482411454277548
0.114114114114114,0.0130220310400491,0.228228228228228,0.000495332512033898
0.115115115115115,0.0132514897279662,0.23023023023023,0.000508482255160532
0.116116116116116,0.0134829524218914,0.232232232232232,0.000521862689669469
0.117117117117117,0.0137164191218245,0.234234234234234,0.000535475821572729
0.118118118118118,0.0139518898277657,0.236236236236236,0.000549323656882333
0.119119119119119,0.0141893645397149,0.238238238238238,0.000563408201610301
0.12012012012012,0.0144288432576721,0.24024024024024,0.000577731461768652
0.121121121121121,0.0146703259816373,0.242242242242242,0.000592295443369407
0.122122122122122,0.0149138127116105,0.244244244244244,0.000607102152424585
0.123123123123123,0.0151593034475917,0.246246246246246,0.000622153594946207
0.124124124124124,0.015406798189581,0.248248248248248,0.000637451776946293
0.125125125125125,0.0156562969375782,0.25025025025025,0.000652998704436863
0.126126126126126,0.0159077996915835,0.252252252252252,0.000668796383429936
0.127127127127127,0.0161613064515967,0.254254254254254,0.000684846819937533
0.128128128128128,0.016416817217618,0.256256256256256,0.000701152019971674
0.129129129129129,0.0166743319896473,0.258258258258258,0.000717713989544378
0.13013013013013,0.0169338507676846,0.26026026026026,0.000734534734667667
0.131131131131131,0.0171953735517299,0.262262262262262,0.000751616261353559
0.132132132132132,0.0174589003417832,0.264264264264264,0.000768960575614076
0.133133133133133,0.0177244311378446,0.266266266266266,0.000786569683461236
0.134134134134134,0.0179919659399139,0.268268268268268,0.000804445590907061
0.135135135135135,0.0182615047479912,0.27027027027027,0.000822590303963569
0.136136136136136,0.0185330475620766,0.272272272272272,0.000841005828642781
0.137137137137137,0.01880659438217,0.274274274274274,0.000859694170956718
0.138138138138138,0.0190821452082713,0.276276276276276,0.000878657336917399
0.139139139139139,0.0193597000403807,0.278278278278278,0.000897897332536843
0.14014014014014,0.0196392588784981,0.28028028028028,0.000917416163827073
0.141141141141141,0.0199208217226235,0.282282282282282,0.000937215836800106
0.142142142142142,0.0202043885727569,0.284284284284284,0.000957298357467963
0.143143143143143,0.0204899594288984,0.286286286286286,0.000977665731842665
0.144144144144144,0.0207775342910478,0.288288288288288,0.000998319965936231
0.145145145145145,0.0210671131592053,0.29029029029029,0.00101926306576068
0.146146146146146,0.0213586960333707,0.292292292292292,0.00104049703732804
0.147147147147147,0.0216522829135442,0.294294294294294,0.00106202388665031
0.148148148148148,0.0219478737997256,0.296296296296296,0.00108384561973954
0.149149149149149,0.0222454686919151,0.298298298298298,0.00110596424260773
0.15015015015015,0.0225450675901126,0.3003003003003,0.0011283817612669
0.151151151151151,0.0228466704943181,0.302302302302302,0.00115110018172908
0.152152152152152,0.0231502774045317,0.304304304304304,0.00117412151000628
0.153153153153153,0.0234558883207532,0.306306306306306,0.00119744775211052
0.154154154154154,0.0237635032429827,0.308308308308308,0.00122108091405383
0.155155155155155,0.0240731221712203,0.31031031031031,0.00124502300184823
0.156156156156156,0.0243847451054658,0.312312312312312,0.00126927602150573
0.157157157157157,0.0246983720457194,0.314314314314314,0.00129384197903835
0.158158158158158,0.025014002991981,0.316316316316316,0.00131872288045812
0.159159159159159,0.0253316379442506,0.318318318318318,0.00134392073177706
0.16016016016016,0.0256512769025282,0.32032032032032,0.00136943753900718
0.161161161161161,0.0259729198668138,0.322322322322322,0.0013952753081605
0.162162162162162,0.0262965668371074,0.324324324324324,0.00142143604524905
0.163163163163163,0.026622217813409,0.326326326326326,0.00144792175628484
0.164164164164164,0.0269498727957186,0.328328328328328,0.0014747344472799
0.165165165165165,0.0272795317840363,0.33033033033033,0.00150187612424624
0.166166166166166,0.0276111947783619,0.332332332332332,0.00152934879319589
0.167167167167167,0.0279448617786956,0.334334334334334,0.00155715446014086
0.168168168168168,0.0282805327850373,0.336336336336336,0.00158529513109318
0.169169169169169,0.028618207797387,0.338338338338338,0.00161377281206486
0.17017017017017,0.0289578868157447,0.34034034034034,0.00164258950906793
0.171171171171171,0.0292995698401104,0.342342342342342,0.00167174722811441
0.172172172172172,0.0296432568704841,0.344344344344344,0.0017012479752163
0.173173173173173,0.0299889479068658,0.346346346346346,0.00173109375638565
0.174174174174174,0.0303366429492556,0.348348348348348,0.00176128657763446
0.175175175175175,0.0306863419976533,0.35035035035035,0.00179182844497475
0.176176176176176,0.0310380450520591,0.352352352352352,0.00182272136441855
0.177177177177177,0.0313917521124728,0.354354354354354,0.00185396734197787
0.178178178178178,0.0317474631788946,0.356356356356356,0.00188556838366474
0.179179179179179,0.0321051782513244,0.358358358358358,0.00191752649549118
0.18018018018018,0.0324648973297622,0.36036036036036,0.0019498436834692
0.181181181181181,0.032826620414208,0.362362362362362,0.00198252195361083
0.182182182182182,0.0331903475046618,0.364364364364364,0.00201556331192808
0.183183183183183,0.0335560786011236,0.366366366366366,0.00204896976443298
0.184184184184184,0.0339238137035935,0.368368368368368,0.00208274331713754
0.185185185185185,0.0342935528120713,0.37037037037037,0.00211688597605379
0.186186186186186,0.0346652959265572,0.372372372372372,0.00215139974719374
0.187187187187187,0.0350390430470511,0.374374374374374,0.00218628663656942
0.188188188188188,0.0354147941735529,0.376376376376376,0.00222154865019284
0.189189189189189,0.0357925493060628,0.378378378378378,0.00225718779407603
0.19019019019019,0.0361723084445807,0.38038038038038,0.00229320607423101
0.191191191191191,0.0365540715891066,0.382382382382382,0.00232960549666979
0.192192192192192,0.0369378387396405,0.384384384384384,0.0023663880674044
0.193193193193193,0.0373236098961825,0.386386386386386,0.00240355579244685
0.194194194194194,0.0377113850587324,0.388388388388388,0.00244111067780917
0.195195195195195,0.0381011642272903,0.39039039039039,0.00247905472950338
0.196196196196196,0.0384929474018563,0.392392392392392,0.00251738995354149
0.197197197197197,0.0388867345824303,0.394394394394394,0.00255611835593552
0.198198198198198,0.0392825257690123,0.396396396396396,0.00259524194269751
0.199199199199199,0.0396803209616022,0.398398398398398,0.00263476271983946
0.2002002002002,0.0400801201602002,0.4004004004004,0.00267468269337339
0.201201201201201,0.0404819233648062,0.402402402402402,0.00271500386931133
0.202202202202202,0.0408857305754203,0.404404404404404,0.0027557282536653
0.203203203203203,0.0412915417920423,0.406406406406406,0.00279685785244731
0.204204204204204,0.0416993570146723,0.408408408408408,0.00283839467166939
0.205205205205205,0.0421091762433104,0.41041041041041,0.00288034071734355
0.206206206206206,0.0425209994779564,0.412412412412412,0.00292269799548182
0.207207207207207,0.0429348267186105,0.414414414414414,0.00296546851209622
0.208208208208208,0.0433506579652726,0.416416416416416,0.00300865427319876
0.209209209209209,0.0437684932179427,0.418418418418418,0.00305225728480147
0.21021021021021,0.0441883324766208,0.42042042042042,0.00309627955291637
0.211211211211211,0.0446101757413069,0.422422422422422,0.00314072308355547
0.212212212212212,0.045034023012001,0.424424424424424,0.0031855898827308
0.213213213213213,0.0454598742887031,0.426426426426426,0.00323088195645438
0.214214214214214,0.0458877295714133,0.428428428428428,0.00327660131073822
0.215215215215215,0.0463175888601314,0.43043043043043,0.00332274995159434
0.216216216216216,0.0467494521548576,0.432432432432432,0.00336932988503478
0.217217217217217,0.0471833194555917,0.434434434434434,0.00341634311707154
0.218218218218218,0.0476191907623339,0.436436436436436,0.00346379165371665
0.219219219219219,0.0480570660750841,0.438438438438438,0.00351167750098212
0.22022022022022,0.0484969453938423,0.44044044044044,0.00356000266487998
0.221221221221221,0.0489388287186085,0.442442442442442,0.00360876915142225
0.222222222222222,0.0493827160493827,0.444444444444444,0.00365797896662094
0.223223223223223,0.0498286073861649,0.446446446446446,0.00370763411648808
0.224224224224224,0.0502765027289552,0.448448448448448,0.00375773660703569
0.225225225225225,0.0507264020777534,0.45045045045045,0.00380828844427578
0.226226226226226,0.0511783054325597,0.452452452452452,0.00385929163422038
0.227227227227227,0.0516322127933739,0.454454454454454,0.00391074818288151
0.228228228228228,0.0520881241601962,0.456456456456456,0.00396266009627118
0.229229229229229,0.0525460395330265,0.458458458458458,0.00401502938040143
0.23023023023023,0.0530059589118648,0.46046046046046,0.00406785804128425
0.231231231231231,0.0534678822967111,0.462462462462462,0.00412114808493169
0.232232232232232,0.0539318096875654,0.464464464464464,0.00417490151735575
0.233233233233233,0.0543977410844278,0.466466466466466,0.00422912034456846
0.234234234234234,0.0548656764872981,0.468468468468468,0.00428380657258183
0.235235235235235,0.0553356158961765,0.47047047047047,0.0043389622074079
0.236236236236236,0.0558075593110628,0.472472472472472,0.00439458925505867
0.237237237237237,0.0562815067319572,0.474474474474474,0.00445068972154616
0.238238238238238,0.0567574581588596,0.476476476476476,0.00450726561288241
0.239239239239239,0.0572354135917699,0.478478478478478,0.00456431893507942
0.24024024024024,0.0577153730306883,0.48048048048048,0.00462185169414922
0.241241241241241,0.0581973364756148,0.482482482482482,0.00467986589610382
0.242242242242242,0.0586813039265492,0.484484484484485,0.00473836354695526
0.243243243243243,0.0591672753834916,0.486486486486486,0.00479734665271553
0.244244244244244,0.059655250846442,0.488488488488488,0.00485681721939668
0.245245245245245,0.0601452303154005,0.49049049049049,0.00491677725301072
0.246246246246246,0.0606372137903669,0.492492492492492,0.00497722875956966
0.247247247247247,0.0611312012713414,0.494494494494495,0.00503817374508553
0.248248248248248,0.0616271927583239,0.496496496496497,0.00509961421557035
0.249249249249249,0.0621251882513144,0.498498498498498,0.00516155217703613
0.25025025025025,0.0626251877503129,0.500500500500501,0.0052239896354949
0.251251251251251,0.0631271912553194,0.502502502502503,0.00528692859695868
0.252252252252252,0.0636311987663339,0.504504504504504,0.00535037106743949
0.253253253253253,0.0641372102833564,0.506506506506507,0.00541431905294934
0.254254254254254,0.064645225806387,0.508508508508508,0.00547877455950026
0.255255255255255,0.0651552453354255,0.510510510510511,0.00554373959310427
0.256256256256256,0.0656672688704721,0.512512512512513,0.00560921615977339
0.257257257257257,0.0661812964115266,0.514514514514514,0.00567520626551963
0.258258258258258,0.0666973279585892,0.516516516516517,0.00574171191635503
0.259259259259259,0.0672153635116598,0.518518518518518,0.00580873511829159
0.26026026026026,0.0677354030707384,0.520520520520521,0.00587627787734134
0.261261261261261,0.068257446635825,0.522522522522523,0.00594434219951629
0.262262262262262,0.0687814942069196,0.524524524524524,0.00601293009082847
0.263263263263263,0.0693075457840223,0.526526526526527,0.00608204355728991
0.264264264264264,0.0698356013671329,0.528528528528528,0.00615168460491261
0.265265265265265,0.0703656609562516,0.530530530530531,0.0062218552397086
0.266266266266266,0.0708977245513782,0.532532532532533,0.00629255746768989
0.267267267267267,0.0714317921525129,0.534534534534534,0.00636379329486851
0.268268268268268,0.0719678637596556,0.536536536536537,0.00643556472725649
0.269269269269269,0.0725059393728062,0.538538538538539,0.00650787377086582
0.27027027027027,0.0730460189919649,0.540540540540541,0.00658072243170855
0.271271271271271,0.0735881026171316,0.542542542542543,0.00665411271579669
0.272272272272272,0.0741321902483063,0.544544544544544,0.00672804662914225
0.273273273273273,0.0746782818854891,0.546546546546547,0.00680252617775727
0.274274274274274,0.0752263775286798,0.548548548548549,0.00687755336765374
0.275275275275275,0.0757764771778786,0.550550550550551,0.00695313020484371
0.276276276276276,0.0763285808330853,0.552552552552553,0.00702925869533919
0.277277277277277,0.0768826884943001,0.554554554554555,0.0071059408451522
0.278278278278278,0.0774388001615229,0.556556556556557,0.00718317866029475
0.279279279279279,0.0779969158347537,0.558558558558559,0.00726097414677887
0.28028028028028,0.0785570355139925,0.560560560560561,0.00733932931061658
0.281281281281281,0.0791191591992393,0.562562562562563,0.0074182461578199
0.282282282282282,0.0796832868904941,0.564564564564565,0.00749772669440085
0.283283283283283,0.0802494185877569,0.566566566566567,0.00757777292637144
0.284284284284284,0.0808175542910278,0.568568568568569,0.0076583868597437
0.285285285285285,0.0813876940003066,0.570570570570571,0.00773957050052966
0.286286286286286,0.0819598377155935,0.572572572572573,0.00782132585474132
0.287287287287287,0.0825339854368883,0.574574574574575,0.00790365492839071
0.288288288288288,0.0831101371641912,0.576576576576577,0.00798655972748985
0.289289289289289,0.0836882928975021,0.578578578578579,0.00807004225805075
0.29029029029029,0.084268452636821,0.580580580580581,0.00815410452608545
0.291291291291291,0.0848506163821479,0.582582582582583,0.00823874853760595
0.292292292292292,0.0854347841334828,0.584584584584585,0.00832397629862429
0.293293293293293,0.0860209558908258,0.586586586586587,0.00840978981515247
0.294294294294294,0.0866091316541767,0.588588588588589,0.00849619109320252
0.295295295295295,0.0871993114235357,0.590590590590591,0.00858318213878646
0.296296296296296,0.0877914951989026,0.592592592592593,0.00867076495791631
0.297297297297297,0.0883856829802776,0.594594594594595,0.00875894155660409
0.298298298298298,0.0889818747676605,0.596596596596597,0.00884771394086181
0.299299299299299,0.0895800705610515,0.598598598598599,0.0089370841167015
0.3003003003003,0.0901802703604505,0.600600600600601,0.00902705409013519
0.301301301301301,0.0907824741658575,0.602602602602603,0.00911762586717488
0.302302302302302,0.0913866819772726,0.604604604604605,0.00920880145383261
0.303303303303303,0.0919928937946956,0.606606606606607,0.00930058285612038
0.304304304304304,0.0926011096181266,0.608608608608609,0.00939297208005022
0.305305305305305,0.0932113294475657,0.610610610610611,0.00948597113163415
0.306306306306306,0.0938235532830127,0.612612612612613,0.00957958201688418
0.307307307307307,0.0944377811244678,0.614614614614615,0.00967380674181235
0.308308308308308,0.0950540129719309,0.616616616616617,0.00976864731243067
0.309309309309309,0.095672248825402,0.618618618618619,0.00986410573475116
0.31031031031031,0.0962924886848811,0.620620620620621,0.00996018401478583
0.311311311311311,0.0969147325503682,0.622622622622623,0.0100568841585467
0.312312312312312,0.0975389804218633,0.624624624624625,0.0101542081720458
0.313313313313313,0.0981652322993664,0.626626626626627,0.0102521580612952
0.314314314314314,0.0987934881828776,0.628628628628629,0.0103507358323068
0.315315315315315,0.0994237480723967,0.630630630630631,0.0104499434910927
0.316316316316316,0.100056011967924,0.632632632632633,0.010549783043665
0.317317317317317,0.100690279869459,0.634634634634635,0.0106502564960355
0.318318318318318,0.101326551777002,0.636636636636637,0.0107513658542165
0.319319319319319,0.101964827690553,0.638638638638639,0.0108531131242197
0.32032032032032,0.102605107610113,0.640640640640641,0.0109555003120574
0.321321321321321,0.10324739153568,0.642642642642643,0.0110585294237415
0.322322322322322,0.103891679467255,0.644644644644645,0.011162202465284
0.323323323323323,0.104537971404838,0.646646646646647,0.011266521442697
0.324324324324324,0.10518626734843,0.648648648648649,0.0113714883619924
0.325325325325325,0.105836567298029,0.650650650650651,0.0114771052291823
0.326326326326326,0.106488871253636,0.652652652652653,0.0115833740502787
0.327327327327327,0.107143179215251,0.654654654654655,0.0116902968312937
0.328328328328328,0.107799491182875,0.656656656656657,0.0117978755782392
0.329329329329329,0.108457807156506,0.658658658658659,0.0119061122971273
0.33033033033033,0.109118127136145,0.660660660660661,0.0120150089939699
0.331331331331331,0.109780451121792,0.662662662662663,0.0121245676747792
0.332332332332332,0.110444779113448,0.664664664664665,0.0122347903455671
0.333333333333333,0.111111111111111,0.666666666666667,0.0123456790123457
0.334334334334334,0.111779447114782,0.668668668668669,0.0124572356811269
0.335335335335335,0.112449787124462,0.670670670670671,0.0125694623579228
0.336336336336336,0.113122131140149,0.672672672672673,0.0126823610487454
0.337337337337337,0.113796479161845,0.674674674674675,0.0127959337596068
0.338338338338338,0.114472831189548,0.676676676676677,0.0129101824965189
0.339339339339339,0.115151187223259,0.678678678678679,0.0130251092654938
0.34034034034034,0.115831547262979,0.680680680680681,0.0131407160725435
0.341341341341341,0.116513911308706,0.682682682682683,0.0132570049236799
0.342342342342342,0.117198279360442,0.684684684684685,0.0133739778249152
0.343343343343343,0.117884651418185,0.686686686686687,0.0134916367822614
0.344344344344344,0.118573027481936,0.688688688688689,0.0136099838017304
0.345345345345345,0.119263407551696,0.690690690690691,0.0137290208893344
0.346346346346346,0.119955791627463,0.692692692692693,0.0138487500510852
0.347347347347347,0.120650179709239,0.694694694694695,0.0139691732929949
0.348348348348348,0.121346571797022,0.696696696696697,0.0140902926210757
0.349349349349349,0.122044967890814,0.698698698698699,0.0142121100413393
0.35035035035035,0.122745367990613,0.700700700700701,0.014334627559798
0.351351351351351,0.123447772096421,0.702702702702703,0.0144578471824637
0.352352352352352,0.124152180208236,0.704704704704705,0.0145817709153484
0.353353353353353,0.12485859232606,0.706706706706707,0.0147064007644642
0.354354354354354,0.125567008449891,0.708708708708709,0.014831738735823
0.355355355355355,0.126277428579731,0.710710710710711,0.0149577868354369
0.356356356356356,0.126989852715578,0.712712712712713,0.015084547069318
0.357357357357357,0.127704280857434,0.714714714714715,0.0152120214434781
0.358358358358358,0.128420713005298,0.716716716716717,0.0153402119639294
0.359359359359359,0.129139149159169,0.718718718718719,0.0154691206366839
0.36036036036036,0.129859589319049,0.720720720720721,0.0155987494677536
0.361361361361361,0.130582033484936,0.722722722722723,0.0157291004631505
0.362362362362362,0.131306481656832,0.724724724724725,0.0158601756288866
0.363363363363363,0.132032933834736,0.726726726726727,0.015991976970974
0.364364364364364,0.132761390018647,0.728728728728729,0.0161245064954246
0.365365365365365,0.133491850208567,0.730730730730731,0.0162577662082506
0.366366366366366,0.134224314404495,0.732732732732733,0.0163917581154638
0.367367367367367,0.13495878260643,0.734734734734735,0.0165264842230764
0.368368368368368,0.135695254814374,0.736736736736737,0.0166619465371003
0.369369369369369,0.136433731028326,0.738738738738739,0.0167981470635476
0.37037037037037,0.137174211248285,0.740740740740741,0.0169350878084303
0.371371371371371,0.137916695474253,0.742742742742743,0.0170727707777604
0.372372372372372,0.138661183706229,0.744744744744745,0.0172111979775499
0.373373373373373,0.139407675944212,0.746746746746747,0.0173503714138109
0.374374374374374,0.140156172188204,0.748748748748749,0.0174902930925553
0.375375375375375,0.140906672438204,0.750750750750751,0.0176309650197953
0.376376376376376,0.141659176694212,0.752752752752753,0.0177723892015427
0.377377377377377,0.142413684956227,0.754754754754755,0.0179145676438097
0.378378378378378,0.143170197224251,0.756756756756757,0.0180575023526083
0.379379379379379,0.143928713498283,0.758758758758759,0.0182011953339504
0.38038038038038,0.144689233778323,0.760760760760761,0.0183456485938481
0.381381381381381,0.145451758064371,0.762762762762763,0.0184908641383134
0.382382382382382,0.146216286356426,0.764764764764765,0.0186368439733583
0.383383383383383,0.14698281865449,0.766766766766767,0.0187835901049949
0.384384384384384,0.147751354958562,0.768768768768769,0.0189311045392352
0.385385385385385,0.148521895268642,0.770770770770771,0.0190793892820911
0.386386386386386,0.14929443958473,0.772772772772773,0.0192284463395748
0.387387387387387,0.150068987906826,0.774774774774775,0.0193782777176982
0.388388388388388,0.15084554023493,0.776776776776777,0.0195288854224734
0.389389389389389,0.151624096569042,0.778778778778779,0.0196802714599123
0.39039039039039,0.152404656909161,0.780780780780781,0.019832437836027
0.391391391391391,0.153187221255289,0.782782782782783,0.0199853865568295
0.392392392392392,0.153971789607425,0.784784784784785,0.0201391196283319
0.393393393393393,0.154758361965569,0.786786786786787,0.0202936390565461
0.394394394394394,0.155546938329721,0.788788788788789,0.0204489468474842
0.395395395395395,0.156337518699881,0.790790790790791,0.0206050450071582
0.396396396396396,0.157130103076049,0.792792792792793,0.0207619355415801
0.397397397397397,0.157924691458225,0.794794794794795,0.0209196204567619
0.398398398398398,0.158721283846409,0.796796796796797,0.0210781017587156
0.399399399399399,0.159519880240601,0.798798798798799,0.0212373814534534
0.4004004004004,0.160320480640801,0.800800800800801,0.0213974615469871
0.401401401401401,0.161123085047009,0.802802802802803,0.0215583440453289
0.402402402402402,0.161927693459225,0.804804804804805,0.0217200309544906
0.403403403403403,0.162734305877449,0.806806806806807,0.0218825242804845
0.404404404404404,0.163542922301681,0.808808808808809,0.0220458260293224
0.405405405405405,0.164353542731921,0.810810810810811,0.0222099382070164
0.406406406406406,0.165166167168169,0.812812812812813,0.0223748628195785
0.407407407407407,0.165980795610425,0.814814814814815,0.0225406018730207
0.408408408408408,0.166797428058689,0.816816816816817,0.0227071573733551
0.409409409409409,0.167616064512961,0.818818818818819,0.0228745313265937
0.41041041041041,0.168436704973242,0.820820820820821,0.0230427257387484
0.411411411411411,0.16925934943953,0.822822822822823,0.0232117426158314
0.412412412412412,0.170083997911826,0.824824824824825,0.0233815839638546
0.413413413413413,0.17091065039013,0.826826826826827,0.02355225178883
0.414414414414414,0.171739306874442,0.828828828828829,0.0237237480967698
0.415415415415415,0.172569967364762,0.830830830830831,0.0238960748936858
0.416416416416416,0.17340263186109,0.832832832832833,0.0240692341855901
0.417417417417417,0.174237300363426,0.834834834834835,0.0242432279784948
0.418418418418418,0.175073972871771,0.836836836836837,0.0244180582784118
0.419419419419419,0.175912649386123,0.838838838838839,0.0245937270913532
0.42042042042042,0.176753329906483,0.840840840840841,0.024770236423331
0.421421421421421,0.177596014432851,0.842842842842843,0.0249475882803571
0.422422422422422,0.178440702965227,0.844844844844845,0.0251257846684438
0.423423423423423,0.179287395503612,0.846846846846847,0.0253048275936029
0.424424424424424,0.180136092048004,0.848848848848849,0.0254847190618464
0.425425425425425,0.180986792598404,0.850850850850851,0.0256654610791865
0.426426426426426,0.181839497154812,0.852852852852853,0.025847055651635
0.427427427427427,0.182694205717229,0.854854854854855,0.0260295047852041
0.428428428428428,0.183550918285653,0.856856856856857,0.0262128104859057
0.429429429429429,0.184409634860085,0.858858858858859,0.0263969747597519
0.43043043043043,0.185270355440526,0.860860860860861,0.0265819996127548
0.431431431431431,0.186133080026974,0.862862862862863,0.0267678870509262
0.432432432432432,0.18699780861943,0.864864864864865,0.0269546390802782
0.433433433433433,0.187864541217895,0.866866866866867,0.0271422577068229
0.434434434434434,0.188733277822367,0.868868868868869,0.0273307449365723
0.435435435435435,0.189604018432847,0.870870870870871,0.0275201027755384
0.436436436436436,0.190476763049336,0.872872872872873,0.0277103332297332
0.437437437437437,0.191351511671832,0.874874874874875,0.0279014383051687
0.438438438438438,0.192228264300336,0.876876876876877,0.028093420007857
0.439439439439439,0.193107020934849,0.878878878878879,0.02828628034381
0.44044044044044,0.193987781575369,0.880880880880881,0.0284800213190399
0.441441441441441,0.194870546221898,0.882882882882883,0.0286746449395585
0.442442442442442,0.195755314874434,0.884884884884885,0.028870153211378
0.443443443443443,0.196642087532978,0.886886886886887,0.0290665481405103
0.444444444444444,0.197530864197531,0.888888888888889,0.0292638317329675
0.445445445445445,0.198421644868091,0.890890890890891,0.0294620059947616
0.446446446446446,0.19931442954466,0.892892892892893,0.0296610729319047
0.447447447447447,0.200209218227236,0.894894894894895,0.0298610345504086
0.448448448448448,0.201106010915821,0.896896896896897,0.0300618928562855
0.449449449449449,0.202004807610413,0.898898898898899,0.0302636498555474
0.45045045045045,0.202905608311014,0.900900900900901,0.0304663075542063
0.451451451451451,0.203808413017622,0.902902902902903,0.0306698679582741
0.452452452452452,0.204713221730239,0.904904904904905,0.0308743330737631
0.453453453453453,0.205620034448863,0.906906906906907,0.031079704906685
0.454454454454454,0.206528851173496,0.908908908908909,0.0312859854630521
0.455455455455455,0.207439671904136,0.910910910910911,0.0314931767488762
0.456456456456456,0.208352496640785,0.912912912912913,0.0317012807701695
0.457457457457457,0.209267325383442,0.914914914914915,0.0319102995329439
0.458458458458458,0.210184158132106,0.916916916916917,0.0321202350432114
0.459459459459459,0.211102994886779,0.918918918918919,0.0323310893069841
0.46046046046046,0.212023835647459,0.920920920920921,0.032542864330274
0.461461461461461,0.212946680414148,0.922922922922923,0.0327555621190931
0.462462462462462,0.213871529186845,0.924924924924925,0.0329691846794535
0.463463463463463,0.214798381965549,0.926926926926927,0.0331837340173671
0.464464464464464,0.215727238750262,0.928928928928929,0.033399212138846
0.465465465465465,0.216658099540982,0.930930930930931,0.0336156210499022
0.466466466466466,0.217590964337711,0.932932932932933,0.0338329627565477
0.467467467467467,0.218525833140448,0.934934934934935,0.0340512392647945
0.468468468468468,0.219462705949192,0.936936936936937,0.0342704525806547
0.469469469469469,0.220401582763945,0.938938938938939,0.0344906047101402
0.47047047047047,0.221342463584706,0.940940940940941,0.0347116976592632
0.471471471471471,0.222285348411475,0.942942942942943,0.0349337334340355
0.472472472472472,0.223230237244251,0.944944944944945,0.0351567140404693
0.473473473473473,0.224177130083036,0.946946946946947,0.0353806414845766
0.474474474474474,0.225126026927829,0.948948948948949,0.0356055177723693
0.475475475475475,0.226076927778629,0.950950950950951,0.0358313449098595
0.476476476476476,0.227029832635438,0.952952952952953,0.0360581249030593
0.477477477477477,0.227984741498255,0.954954954954955,0.0362858597579805
0.478478478478478,0.22894165436708,0.956956956956957,0.0365145514806353
0.479479479479479,0.229900571241913,0.958958958958959,0.0367442020770357
0.48048048048048,0.230861492122753,0.960960960960961,0.0369748135531937
0.481481481481481,0.231824417009602,0.962962962962963,0.0372063879151213
0.482482482482482,0.232789345902459,0.964964964964965,0.0374389271688306
0.483483483483483,0.233756278801324,0.966966966966967,0.0376724333203335
0.484484484484485,0.234725215706197,0.968968968968969,0.037906908375642
0.485485485485485,0.235696156617078,0.970970970970971,0.0381423543407683
0.486486486486486,0.236669101533966,0.972972972972973,0.0383787732217243
0.487487487487487,0.237644050456863,0.974974974974975,0.038616167024522
0.488488488488488,0.238621003385768,0.976976976976977,0.0388545377551735
0.48948948948949,0.239599960320681,0.978978978978979,0.0390938874196907
0.49049049049049,0.240580921261602,0.980980980980981,0.0393342180240857
0.491491491491491,0.241563886208531,0.982982982982983,0.0395755315743706
0.492492492492492,0.242548855161468,0.984984984984985,0.0398178300765573
0.493493493493493,0.243535828120413,0.986986986986987,0.0400611155366578
0.494494494494495,0.244524805085366,0.988988988988989,0.0403053899606842
0.495495495495495,0.245515786056327,0.990990990990991,0.0405506553546485
0.496496496496497,0.246508771033296,0.992992992992993,0.0407969137245628
0.497497497497497,0.247503760016273,0.994994994994995,0.0410441670764389
0.498498498498498,0.248500753005257,0.996996996996997,0.041292417416289
0.4994994994995,0.249499750000251,0.998998998998999,0.0415416667501251
0.500500500500501,0.250500751001252,1.001001001001,0.0417919170839592
0.501501501501502,0.251503756008261,1.003003003003,0.0420431704238033
0.502502502502503,0.252508765021278,1.00500500500501,0.0422954287756694
0.503503503503503,0.253515778040303,1.00700700700701,0.0425486941455696
0.504504504504504,0.254524795065336,1.00900900900901,0.0428029685395159
0.505505505505506,0.255535816096377,1.01101101101101,0.0430582539635203
0.506506506506507,0.256548841133426,1.01301301301301,0.0433145524235947
0.507507507507508,0.257563870176483,1.01501501501502,0.0435718659257513
0.508508508508508,0.258580903225548,1.01701701701702,0.0438301964760021
0.509509509509509,0.259599940280621,1.01901901901902,0.044089546080359
0.510510510510511,0.260620981341702,1.02102102102102,0.0443499167448342
0.511511511511512,0.261644026408791,1.02302302302302,0.0446113104754395
0.512512512512513,0.262669075481888,1.02502502502503,0.0448737292781871
0.513513513513513,0.263696128560993,1.02702702702703,0.045137175159089
0.514514514514514,0.264725185646107,1.02902902902903,0.0454016501241571
0.515515515515516,0.265756246737228,1.03103103103103,0.0456671561794035
0.516516516516517,0.266789311834357,1.03303303303303,0.0459336953308402
0.517517517517518,0.267824380937494,1.03503503503504,0.0462012695844793
0.518518518518518,0.268861454046639,1.03703703703704,0.0464698809463327
0.519519519519519,0.269900531161792,1.03903903903904,0.0467395314224125
0.520520520520521,0.270941612282954,1.04104104104104,0.0470102230187307
0.521521521521522,0.271984697410123,1.04304304304304,0.0472819577412993
0.522522522522523,0.2730297865433,1.04504504504505,0.0475547375961303
0.523523523523523,0.274076879682485,1.04704704704705,0.0478285645892358
0.524524524524524,0.275125976827678,1.04904904904905,0.0481034407266278
0.525525525525526,0.27617707797888,1.05105105105105,0.0483793680143183
0.526526526526527,0.277230183136089,1.05305305305305,0.0486563484583193
0.527527527527528,0.278285292299306,1.05505505505506,0.0489343840646428
0.528528528528528,0.279342405468532,1.05705705705706,0.0492134768393009
0.529529529529529,0.280401522643765,1.05905905905906,0.0494936287883055
0.530530530530531,0.281462643825006,1.06106106106106,0.0497748419176688
0.531531531531532,0.282525769012256,1.06306306306306,0.0500571182334026
0.532532532532533,0.283590898205513,1.06506506506507,0.0503404597415191
0.533533533533533,0.284658031404778,1.06706706706707,0.0506248684480303
0.534534534534534,0.285727168610051,1.06906906906907,0.0509103463589481
0.535535535535536,0.286798309821333,1.07107107107107,0.0511968954802846
0.536536536536537,0.287871455038622,1.07307307307307,0.0514845178180519
0.537537537537538,0.28894660426192,1.07507507507508,0.0517732153782619
0.538538538538539,0.290023757491225,1.07707707707708,0.0520629901669266
0.539539539539539,0.291102914726538,1.07907907907908,0.0523538441900581
0.540540540540541,0.29218407596786,1.08108108108108,0.0526457794536684
0.541541541541542,0.293267241215189,1.08308308308308,0.0529387979637695
0.542542542542543,0.294352410468527,1.08508508508509,0.0532329017263735
0.543543543543544,0.295439583727872,1.08708708708709,0.0535280927474923
0.544544544544544,0.296528760993225,1.08908908908909,0.053824373033138
0.545545545545546,0.297619942264587,1.09109109109109,0.0541217445893226
0.546546546546547,0.298713127541956,1.09309309309309,0.0544202094220581
0.547547547547548,0.299808316825334,1.0950950950951,0.0547197695373566
0.548548548548549,0.300905510114719,1.0970970970971,0.0550204269412299
0.54954954954955,0.302004707410113,1.0990990990991,0.0553221836396904
0.550550550550551,0.303105908711514,1.1011011011011,0.0556250416387497
0.551551551551552,0.304209114018924,1.1031031031031,0.0559290029444201
0.552552552552553,0.305314323332341,1.10510510510511,0.0562340695627135
0.553553553553554,0.306421536651767,1.10710710710711,0.056540243499642
0.554554554554555,0.3075307539772,1.10910910910911,0.0568475267612176
0.555555555555556,0.308641975308642,1.11111111111111,0.0571559213534522
0.556556556556557,0.309755200646092,1.11311311311311,0.057465429282358
0.557557557557558,0.310870429989549,1.11511511511512,0.0577760525539469
0.558558558558559,0.311987663339015,1.11711711711712,0.0580877931742309
0.55955955955956,0.313106900694488,1.11911911911912,0.0584006531492222
0.560560560560561,0.31422814205597,1.12112112112112,0.0587146344849326
0.561561561561562,0.315351387423459,1.12312312312312,0.0590297391873743
0.562562562562563,0.316476636796957,1.12512512512513,0.0593459692625592
0.563563563563564,0.317603890176463,1.12712712712713,0.0596633267164993
0.564564564564565,0.318733147561976,1.12912912912913,0.0599818135552068
0.565565565565566,0.319864408953498,1.13113113113113,0.0603014317846935
0.566566566566567,0.320997674351028,1.13313313313313,0.0606221834109715
0.567567567567568,0.322132943754565,1.13513513513514,0.0609440704400529
0.568568568568569,0.323270217164111,1.13713713713714,0.0612670948779496
0.56956956956957,0.324409494579665,1.13913913913914,0.0615912587306738
0.570570570570571,0.325550776001226,1.14114114114114,0.0619165640042373
0.571571571571572,0.326694061428796,1.14314314314314,0.0622430127046522
0.572572572572573,0.327839350862374,1.14514514514515,0.0625706068379305
0.573573573573574,0.32898664430196,1.14714714714715,0.0628993484100844
0.574574574574575,0.330135941747553,1.14914914914915,0.0632292394271257
0.575575575575576,0.331287243199155,1.15115115115115,0.0635602818950665
0.576576576576577,0.332440548656765,1.15315315315315,0.0638924778199188
0.577577577577578,0.333595858120383,1.15515515515516,0.0642258292076946
0.578578578578579,0.334753171590008,1.15715715715716,0.064560338064406
0.57957957957958,0.335912489065642,1.15915915915916,0.064896006396065
0.580580580580581,0.337073810547284,1.16116116116116,0.0652328362086836
0.581581581581582,0.338237136034934,1.16316316316316,0.0655708295082738
0.582582582582583,0.339402465528592,1.16516516516517,0.0659099883008476
0.583583583583584,0.340569799028257,1.16716716716717,0.0662503145924171
0.584584584584585,0.341739136533931,1.16916916916917,0.0665918103889943
0.585585585585586,0.342910478045613,1.17117117117117,0.0669344776965912
0.586586586586587,0.344083823563303,1.17317317317317,0.0672783185212198
0.587587587587588,0.345259173087001,1.17517517517518,0.0676233348688921
0.588588588588589,0.346436526616707,1.17717717717718,0.0679695287456201
0.58958958958959,0.347615884152421,1.17917917917918,0.068316902157416
0.590590590590591,0.348797245694143,1.18118118118118,0.0686654571102917
0.591591591591592,0.349980611241872,1.18318318318318,0.0690151956102591
0.592592592592593,0.35116598079561,1.18518518518519,0.0693661196633304
0.593593593593594,0.352353354355356,1.18718718718719,0.0697182312755176
0.594594594594595,0.35354273192111,1.18918918918919,0.0700715324528327
0.595595595595596,0.354734113492872,1.19119119119119,0.0704260252012876
0.596596596596597,0.355927499070642,1.19319319319319,0.0707817115268945
0.597597597597598,0.35712288865442,1.1951951951952,0.0711385934356653
0.598598598598599,0.358320282244206,1.1971971971972,0.071496672933612
0.5995995995996,0.35951967984,1.1991991991992,0.0718559520267468
0.600600600600601,0.360721081441802,1.2012012012012,0.0722164327210815
0.601601601601602,0.361924487049612,1.2032032032032,0.0725781170226283
0.602602602602603,0.36312989666343,1.20520520520521,0.072941006937399
0.603603603603604,0.364337310283256,1.20720720720721,0.0733051044714059
0.604604604604605,0.36554672790909,1.20920920920921,0.0736704116306608
0.605605605605606,0.366758149540932,1.21121121121121,0.0740369304211759
0.606606606606607,0.367971575178782,1.21321321321321,0.074404662848963
0.607607607607608,0.36918700482264,1.21521521521522,0.0747736109200343
0.608608608608609,0.370404438472507,1.21721721721722,0.0751437766404017
0.60960960960961,0.371623876128381,1.21921921921922,0.0755151620160774
0.610610610610611,0.372845317790263,1.22122122122122,0.0758877690530732
0.611611611611612,0.374068763458153,1.22322322322322,0.0762615997574012
0.612612612612613,0.375294213132051,1.22522522522523,0.0766366561350735
0.613613613613614,0.376521666811957,1.22722722722723,0.077012940192102
0.614614614614615,0.377751124497871,1.22922922922923,0.0773904539344988
0.615615615615616,0.378982586189793,1.23123123123123,0.0777691993682759
0.616616616616617,0.380216051887724,1.23323323323323,0.0781491784994453
0.617617617617618,0.381451521591662,1.23523523523524,0.0785303933340191
0.618618618618619,0.382688995301608,1.23723723723724,0.0789128458780093
0.61961961961962,0.383928473017562,1.23923923923924,0.0792965381374277
0.620620620620621,0.385169954739524,1.24124124124124,0.0796814721182866
0.621621621621622,0.386413440467494,1.24324324324324,0.080067649826598
0.622622622622623,0.387658930201473,1.24524524524525,0.0804550732683737
0.623623623623624,0.388906423941459,1.24724724724725,0.080843744449626
0.624624624624625,0.390155921687453,1.24924924924925,0.0812336653763666
0.625625625625626,0.391407423439455,1.25125125125125,0.0816248380546078
0.626626626626627,0.392660929197466,1.25325325325325,0.0820172644903615
0.627627627627628,0.393916438961484,1.25525525525526,0.0824109466896398
0.628628628628629,0.39517395273151,1.25725725725726,0.0828058866584546
0.62962962962963,0.396433470507545,1.25925925925926,0.083202086402818
0.630630630630631,0.397694992289587,1.26126126126126,0.083599547928742
0.631631631631632,0.398958518077637,1.26326326326326,0.0839982732422386
0.632632632632633,0.400224047871695,1.26526526526527,0.0843982643493198
0.633633633633634,0.401491581671762,1.26726726726727,0.0847995232559978
0.634634634634635,0.402761119477836,1.26926926926927,0.0852020519682843
0.635635635635636,0.404032661289919,1.27127127127127,0.0856058524921916
0.636636636636637,0.405306207108009,1.27327327327327,0.0860109268337316
0.637637637637638,0.406581756932107,1.27527527527528,0.0864172769989163
0.638638638638639,0.407859310762214,1.27727727727728,0.0868249049937579
0.63963963963964,0.409138868598328,1.27927927927928,0.0872338128242682
0.640640640640641,0.41042043044045,1.28128128128128,0.0876440024964592
0.641641641641642,0.411703996288581,1.28328328328328,0.0880554760163431
0.642642642642643,0.412989566142719,1.28528528528529,0.0884682353899319
0.643643643643644,0.414277140002866,1.28728728728729,0.0888822826232375
0.644644644644645,0.41556671786902,1.28928928928929,0.0892976197222719
0.645645645645646,0.416858299741183,1.29129129129129,0.0897142486930473
0.646646646646647,0.418151885619353,1.29329329329329,0.0901321715415756
0.647647647647648,0.419447475503532,1.2952952952953,0.0905513902738688
0.648648648648649,0.420745069393718,1.2972972972973,0.0909719068959391
0.64964964964965,0.422044667289913,1.2992992992993,0.0913937234137982
0.650650650650651,0.423346269192115,1.3013013013013,0.0918168418334584
0.651651651651652,0.424649875100326,1.3033033033033,0.0922412641609316
0.652652652652653,0.425955485014544,1.30530530530531,0.0926669924022298
0.653653653653654,0.427263098934771,1.30730730730731,0.0930940285633651
0.654654654654655,0.428572716861005,1.30930930930931,0.0935223746503495
0.655655655655656,0.429884338793248,1.31131131131131,0.0939520326691949
0.656656656656657,0.431197964731498,1.31331331331331,0.0943830046259135
0.657657657657658,0.432513594675757,1.31531531531532,0.0948152925265173
0.658658658658659,0.433831228626023,1.31731731731732,0.0952488983770182
0.65965965965966,0.435150866582298,1.31931931931932,0.0956838241834282
0.660660660660661,0.436472508544581,1.32132132132132,0.0961200719517595
0.661661661661662,0.437796154512871,1.32332332332332,0.096557643688024
0.662662662662663,0.43912180448717,1.32532532532533,0.0969965413982337
0.663663663663664,0.440449458467477,1.32732732732733,0.0974367670884007
0.664664664664665,0.441779116453791,1.32932932932933,0.097878322764537
0.665665665665666,0.443110778446114,1.33133133133133,0.0983212104326545
0.666666666666667,0.444444444444444,1.33333333333333,0.0987654320987654
0.667667667667668,0.445780114448783,1.33533533533534,0.0992109897688816
0.668668668668669,0.44711778845913,1.33733733733734,0.0996578854490153
0.66966966966967,0.448457466475485,1.33933933933934,0.100106121145178
0.670670670670671,0.449799148497847,1.34134134134134,0.100555698863383
0.671671671671672,0.451142834526218,1.34334334334334,0.10100662060964
0.672672672672673,0.452488524560597,1.34534534534535,0.101458888389964
0.673673673673674,0.453836218600983,1.34734734734735,0.101912504210364
0.674674674674675,0.455185916647378,1.34934934934935,0.102367470076854
0.675675675675676,0.456537618699781,1.35135135135135,0.102823787995446
0.676676676676677,0.457891324758192,1.35335335335335,0.103281459972151
0.677677677677678,0.45924703482261,1.35535535535536,0.103740488012982
0.678678678678679,0.460604748893037,1.35735735735736,0.10420087412395
0.67967967967968,0.461964466969472,1.35935935935936,0.104662620311068
0.680680680680681,0.463326189051915,1.36136136136136,0.105125728580348
0.681681681681682,0.464689915140366,1.36336336336336,0.105590200937801
0.682682682682683,0.466055645234824,1.36536536536537,0.10605603938944
0.683683683683684,0.467423379335291,1.36736736736737,0.106523245941276
0.684684684684685,0.468793117441766,1.36936936936937,0.106991822599322
0.685685685685686,0.470164859554249,1.37137137137137,0.10746177136959
0.686686686686687,0.47153860567274,1.37337337337337,0.107933094258091
0.687687687687688,0.472914355797239,1.37537537537538,0.108405793270839
0.688688688688689,0.474292109927746,1.37737737737738,0.108879870413844
0.68968968968969,0.47567186806426,1.37937937937938,0.109355327693118
0.690690690690691,0.477053630206783,1.38138138138138,0.109832167114675
0.691691691691692,0.478437396355314,1.38338338338338,0.110310390684525
0.692692692692693,0.479823166509853,1.38538538538539,0.110790000408681
0.693693693693694,0.4812109406704,1.38738738738739,0.111270998293156
0.694694694694695,0.482600718836955,1.38938938938939,0.11175338634396
0.695695695695696,0.483992501009518,1.39139139139139,0.112237166567105
0.696696696696697,0.485386287188089,1.39339339339339,0.112722340968605
0.697697697697698,0.486782077372668,1.3953953953954,0.113208911554471
0.698698698698699,0.488179871563255,1.3973973973974,0.113696880330715
0.6996996996997,0.48957966975985,1.3993993993994,0.114186249303348
0.700700700700701,0.490981471962453,1.4014014014014,0.114677020478384
0.701701701701702,0.492385278171064,1.4034034034034,0.115169195861834
0.702702702702703,0.493791088385683,1.40540540540541,0.11566277745971
0.703703703703704,0.49519890260631,1.40740740740741,0.116157767278023
0.704704704704705,0.496608720832945,1.40940940940941,0.116654167322787
0.705705705705706,0.498020543065588,1.41141141141141,0.117151979600013
0.706706706706707,0.499434369304239,1.41341341341341,0.117651206115713
0.707707707707708,0.500850199548898,1.41541541541542,0.1181518488759
0.708708708708709,0.502268033799565,1.41741741741742,0.118653909886584
0.70970970970971,0.50368787205624,1.41941941941942,0.119157391153779
0.710710710710711,0.505109714318923,1.42142142142142,0.119662294683495
0.711711711711712,0.506533560587615,1.42342342342342,0.120168622481746
0.712712712712713,0.507959410862314,1.42542542542543,0.120676376554544
0.713713713713714,0.509387265143021,1.42742742742743,0.121185558907899
0.714714714714715,0.510817123429736,1.42942942942943,0.121696171547825
0.715715715715716,0.512248985722459,1.43143143143143,0.122208216480333
0.716716716716717,0.51368285202119,1.43343343343343,0.122721695711435
0.717717717717718,0.51511872232593,1.43543543543544,0.123236611247144
0.718718718718719,0.516556596636677,1.43743743743744,0.123752965093471
0.71971971971972,0.517996474953432,1.43943943943944,0.124270759256429
0.720720720720721,0.519438357276195,1.44144144144144,0.124789995742029
0.721721721721722,0.520882243604966,1.44344344344344,0.125310676556283
0.722722722722723,0.522328133939746,1.44544544544545,0.125832803705204
0.723723723723724,0.523776028280533,1.44744744744745,0.126356379194803
0.724724724724725,0.525225926627328,1.44944944944945,0.126881405031093
0.725725725725726,0.526677828980131,1.45145145145145,0.127407883220085
0.726726726726727,0.528131735338942,1.45345345345345,0.127935815767792
0.727727727727728,0.529587645703762,1.45545545545546,0.128465204680225
0.728728728728729,0.531045560074589,1.45745745745746,0.128996051963397
0.72972972972973,0.532505478451424,1.45945945945946,0.129528359623319
0.730730730730731,0.533967400834268,1.46146146146146,0.130062129666004
0.731731731731732,0.535431327223119,1.46346346346346,0.130597364097464
0.732732732732733,0.536897257617978,1.46546546546547,0.13113406492371
0.733733733733734,0.538365192018846,1.46746746746747,0.131672234150755
0.734734734734735,0.539835130425721,1.46946946946947,0.132211873784611
0.735735735735736,0.541307072838604,1.47147147147147,0.132752985831289
0.736736736736737,0.542781019257496,1.47347347347347,0.133295572296802
0.737737737737738,0.544256969682395,1.47547547547548,0.133839635187162
0.738738738738739,0.545734924113302,1.47747747747748,0.134385176508381
0.73973973973974,0.547214882550218,1.47947947947948,0.13493219826647
0.740740740740741,0.548696844993141,1.48148148148148,0.135480702467442
0.741741741741742,0.550180811442073,1.48348348348348,0.136030691117309
0.742742742742743,0.551666781897012,1.48548548548549,0.136582166222083
0.743743743743744,0.55315475635796,1.48748748748749,0.137135129787776
0.744744744744745,0.554644734824915,1.48948948948949,0.137689583820399
0.745745745745746,0.556136717297878,1.49149149149149,0.138245530325966
0.746746746746747,0.55763070377685,1.49349349349349,0.138802971310487
0.747747747747748,0.559126694261829,1.4954954954955,0.139361908779976
0.748748748748749,0.560624688752817,1.4974974974975,0.139922344740443
0.74974974974975,0.562124687249812,1.4994994994995,0.140484281197901
0.750750750750751,0.563626689752816,1.5015015015015,0.141047720158362
0.751751751751752,0.565130696261827,1.5035035035035,0.141612663627839
0.752752752752753,0.566636706776847,1.50550550550551,0.142179113612342
0.753753753753754,0.568144721297874,1.50750750750751,0.142747072117884
0.754754754754755,0.56965473982491,1.50950950950951,0.143316541150478
0.755755755755756,0.571166762357953,1.51151151151151,0.143887522716134
0.756756756756757,0.572680788897005,1.51351351351351,0.144460018820866
0.757757757757758,0.574196819442065,1.51551551551552,0.145034031470685
0.758758758758759,0.575714853993132,1.51751751751752,0.145609562671603
0.75975975975976,0.577234892550208,1.51951951951952,0.146186614429632
0.760760760760761,0.578756935113291,1.52152152152152,0.146765188750785
0.761761761761762,0.580280981682383,1.52352352352352,0.147345287641072
0.762762762762763,0.581807032257483,1.52552552552553,0.147926913106507
0.763763763763764,0.58333508683859,1.52752752752753,0.148510067153101
0.764764764764765,0.584865145425706,1.52952952952953,0.149094751786867
0.765765765765766,0.58639720801883,1.53153153153153,0.149680969013815
0.766766766766767,0.587931274617961,1.53353353353353,0.150268720839959
0.767767767767768,0.589467345223101,1.53553553553554,0.150858009271311
0.768768768768769,0.591005419834249,1.53753753753754,0.151448836313882
0.76976976976977,0.592545498451404,1.53953953953954,0.152041203973684
0.770770770770771,0.594087581074568,1.54154154154154,0.152635114256729
0.771771771771772,0.59563166770374,1.54354354354354,0.15323056916903
0.772772772772773,0.59717775833892,1.54554554554555,0.153827570716599
0.773773773773774,0.598725852980107,1.54754754754755,0.154426120905446
0.774774774774775,0.600275951627303,1.54954954954955,0.155026221741586
0.775775775775776,0.601828054280507,1.55155155155155,0.155627875231029
0.776776776776777,0.603382160939719,1.55355355355355,0.156231083379787
0.777777777777778,0.604938271604938,1.55555555555556,0.156835848193873
0.778778778778779,0.606496386276166,1.55755755755756,0.157442171679298
0.77977977977978,0.608056504953402,1.55955955955956,0.158050055842075
0.780780780780781,0.609618627636646,1.56156156156156,0.158659502688216
0.781781781781782,0.611182754325898,1.56356356356356,0.159270514223732
0.782782782782783,0.612748885021157,1.56556556556557,0.159883092454636
0.783783783783784,0.614317019722425,1.56756756756757,0.16049723938694
0.784784784784785,0.615887158429701,1.56956956956957,0.161112957026655
0.785785785785786,0.617459301142985,1.57157157157157,0.161730247379794
0.786786786786787,0.619033447862277,1.57357357357357,0.162349112452369
0.787787787787788,0.620609598587577,1.57557557557558,0.162969554250391
0.788788788788789,0.622187753318884,1.57757757757758,0.163591574779874
0.78978978978979,0.6237679120562,1.57957957957958,0.164215176046828
0.790790790790791,0.625350074799524,1.58158158158158,0.164840360057265
0.791791791791792,0.626934241548856,1.58358358358358,0.165467128817199
0.792792792792793,0.628520412304196,1.58558558558559,0.16609548433264
0.793793793793794,0.630108587065544,1.58758758758759,0.166725428609602
0.794794794794795,0.6316987658329,1.58958958958959,0.167356963654095
0.795795795795796,0.633290948606264,1.59159159159159,0.167990091472132
0.796796796796797,0.634885135385636,1.59359359359359,0.168624814069725
0.797797797797798,0.636481326171016,1.5955955955956,0.169261133452886
0.798798798798799,0.638079520962404,1.5975975975976,0.169899051627627
0.7997997997998,0.6396797197598,1.5995995995996,0.17053857059996
0.800800800800801,0.641281922563204,1.6016016016016,0.171179692375897
0.801801801801802,0.642886129372616,1.6036036036036,0.17182241896145
0.802802802802803,0.644492340188036,1.60560560560561,0.172466752362631
0.803803803803804,0.646100555009464,1.60760760760761,0.173112694585452
0.804804804804805,0.6477107738369,1.60960960960961,0.173760247635925
0.805805805805806,0.649322996670344,1.61161161161161,0.174409413520062
0.806806806806807,0.650937223509796,1.61361361361361,0.175060194243876
0.807807807807808,0.652553454355256,1.61561561561562,0.175712591813377
0.808808808808809,0.654171689206724,1.61761761761762,0.176366608234579
0.80980980980981,0.6557919280642,1.61961961961962,0.177022245513493
0.810810810810811,0.657414170927685,1.62162162162162,0.177679505656131
0.811811811811812,0.659038417797177,1.62362362362362,0.178338390668505
0.812812812812813,0.660664668672677,1.62562562562563,0.178998902556628
0.813813813813814,0.662292923554185,1.62762762762763,0.179661043326511
0.814814814814815,0.663923182441701,1.62962962962963,0.180324814984166
0.815815815815816,0.665555445335225,1.63163163163163,0.180990219535605
0.816816816816817,0.667189712234757,1.63363363363363,0.181657258986841
0.817817817817818,0.668825983140297,1.63563563563564,0.182325935343885
0.818818818818819,0.670464258051846,1.63763763763764,0.182996250612749
0.81981981981982,0.672104536969402,1.63963963963964,0.183668206799446
0.820820820820821,0.673746819892966,1.64164164164164,0.184341805909987
0.821821821821822,0.675391106822538,1.64364364364364,0.185017049950385
0.822822822822823,0.677037397758118,1.64564564564565,0.185693940926651
0.823823823823824,0.678685692699707,1.64764764764765,0.186372480844798
0.824824824824825,0.680335991647303,1.64964964964965,0.187052671710837
0.825825825825826,0.681988294600907,1.65165165165165,0.18773451553078
0.826826826826827,0.683642601560519,1.65365365365365,0.18841801431064
0.827827827827828,0.68529891252614,1.65565565565566,0.189103170056429
0.828828828828829,0.686957227497768,1.65765765765766,0.189789984774158
0.82982982982983,0.688617546475404,1.65965965965966,0.19047846046984
0.830830830830831,0.690279869459049,1.66166166166166,0.191168599149486
0.831831831831832,0.691944196448701,1.66366366366366,0.191860402819109
0.832832832832833,0.693610527444361,1.66566566566567,0.192553873484721
0.833833833833834,0.69527886244603,1.66766766766767,0.193249013152333
0.834834834834835,0.696949201453706,1.66966966966967,0.193945823827958
0.835835835835836,0.69862154446739,1.67167167167167,0.194644307517608
0.836836836836837,0.700295891487083,1.67367367367367,0.195344466227294
0.837837837837838,0.701972242512783,1.67567567567568,0.196046301963029
0.838838838838839,0.703650597544491,1.67767767767768,0.196749816730825
0.83983983983984,0.705330956582208,1.67967967967968,0.197455012536694
0.840840840840841,0.707013319625932,1.68168168168168,0.198161891386648
0.841841841841842,0.708697686675665,1.68368368368368,0.198870455286698
0.842842842842843,0.710384057731405,1.68568568568569,0.199580706242857
0.843843843843844,0.712072432793153,1.68768768768769,0.200292646261137
0.844844844844845,0.71376281186091,1.68968968968969,0.20100627734755
0.845845845845846,0.715455194934674,1.69169169169169,0.201721601508108
0.846846846846847,0.717149582014447,1.69369369369369,0.202438620748823
0.847847847847848,0.718845973100227,1.6956956956957,0.203157337075707
0.848848848848849,0.720544368192016,1.6976976976977,0.203877752494771
0.84984984984985,0.722244767289812,1.6996996996997,0.204599869012029
0.850850850850851,0.723947170393617,1.7017017017017,0.205323688633492
0.851851851851852,0.725651577503429,1.7037037037037,0.206049213365171
0.852852852852853,0.72735798861925,1.70570570570571,0.20677644521308
0.853853853853854,0.729066403741078,1.70770770770771,0.20750538618323
0.854854854854855,0.730776822868915,1.70970970970971,0.208236038281633
0.855855855855856,0.73248924600276,1.71171171171171,0.208968403514301
0.856856856856857,0.734203673142612,1.71371371371371,0.209702483887246
0.857857857857858,0.735920104288473,1.71571571571572,0.21043828140648
0.858858858858859,0.737638539440341,1.71771771771772,0.211175798078016
0.85985985985986,0.739358978598218,1.71971971971972,0.211915035907864
0.860860860860861,0.741081421762102,1.72172172172172,0.212655996902038
0.861861861861862,0.742805868931995,1.72372372372372,0.213398683066549
0.862862862862863,0.744532320107896,1.72572572572573,0.214143096407409
0.863863863863864,0.746260775289804,1.72772772772773,0.214889238930631
0.864864864864865,0.747991234477721,1.72972972972973,0.215637112642226
0.865865865865866,0.749723697671646,1.73173173173173,0.216386719548206
0.866866866866867,0.751458164871578,1.73373373373373,0.217138061654583
0.867867867867868,0.753194636077519,1.73573573573574,0.21789114096737
0.868868868868869,0.754933111289468,1.73773773773774,0.218645959492579
0.86986986986987,0.756673590507424,1.73973973973974,0.21940251923622
0.870870870870871,0.758416073731389,1.74174174174174,0.220160822204307
0.871871871871872,0.760160560961362,1.74374374374374,0.220920870402852
0.872872872872873,0.761907052197342,1.74574574574575,0.221682665837865
0.873873873873874,0.763655547439331,1.74774774774775,0.222446210515361
0.874874874874875,0.765406046687328,1.74974974974975,0.22321150644135
0.875875875875876,0.767158549941333,1.75175175175175,0.223978555621844
0.876876876876877,0.768913057201346,1.75375375375375,0.224747360062856
0.877877877877878,0.770669568467366,1.75575575575576,0.225517921770397
0.878878878878879,0.772428083739395,1.75775775775776,0.22629024275048
0.87987987987988,0.774188603017432,1.75975975975976,0.227064325009117
0.880880880880881,0.775951126301477,1.76176176176176,0.227840170552319
0.881881881881882,0.777715653591529,1.76376376376376,0.228617781386099
0.882882882882883,0.77948218488759,1.76576576576577,0.229397159516468
0.883883883883884,0.781250720189659,1.76776776776777,0.230178306949439
0.884884884884885,0.783021259497736,1.76976976976977,0.230961225691024
0.885885885885886,0.784793802811821,1.77177177177177,0.231745917747234
0.886886886886887,0.786568350131914,1.77377377377377,0.232532385124083
0.887887887887888,0.788344901458015,1.77577577577578,0.233320629827581
0.888888888888889,0.790123456790123,1.77777777777778,0.23411065386374
0.88988988988989,0.79190401612824,1.77977977977978,0.234902459238574
0.890890890890891,0.793686579472365,1.78178178178178,0.235696047958093
0.891891891891892,0.795471146822498,1.78378378378378,0.23649142202831
0.892892892892893,0.797257718178639,1.78578578578579,0.237288583455237
0.893893893893894,0.799046293540788,1.78778778778779,0.238087534244886
0.894894894894895,0.800836872908945,1.78978978978979,0.238888276403269
0.895895895895896,0.80262945628311,1.79179179179179,0.239690811936398
0.896896896896897,0.804424043663283,1.79379379379379,0.240495142850284
0.897897897897898,0.806220635049464,1.7957957957958,0.241301271150941
0.898898898898899,0.808019230441653,1.7977977977978,0.242109198844379
0.8998998998999,0.80981982983985,1.7997997997998,0.242918927936612
0.900900900900901,0.811622433244055,1.8018018018018,0.24373046043365
0.901901901901902,0.813427040654268,1.8038038038038,0.244543798341507
0.902902902902903,0.815233652070489,1.80580580580581,0.245358943666193
0.903903903903904,0.817042267492718,1.80780780780781,0.246175898413722
0.904904904904905,0.818852886920955,1.80980980980981,0.246994664590105
0.905905905905906,0.8206655103552,1.81181181181181,0.247815244201353
0.906906906906907,0.822480137795453,1.81381381381381,0.24863763925348
0.907907907907908,0.824296769241714,1.81581581581582,0.249461851752497
0.908908908908909,0.826115404693983,1.81781781781782,0.250287883704417
0.90990990990991,0.82793604415226,1.81981981981982,0.25111573711525
0.910910910910911,0.829758687616545,1.82182182182182,0.25194541399101
0.911911911911912,0.831583335086839,1.82382382382382,0.252776916337708
0.912912912912913,0.83340998656314,1.82582582582583,0.253610246161356
0.913913913913914,0.835238642045449,1.82782782782783,0.254445405467966
0.914914914914915,0.837069301533766,1.82982982982983,0.255282396263551
0.915915915915916,0.838901965028091,1.83183183183183,0.256121220554122
0.916916916916917,0.840736632528424,1.83383383383383,0.256961880345691
0.917917917917918,0.842573304034765,1.83583583583584,0.257804377644271
0.918918918918919,0.844411979547115,1.83783783783784,0.258648714455873
0.91991991991992,0.846252659065472,1.83983983983984,0.259494892786509
0.920920920920921,0.848095342589837,1.84184184184184,0.260342914642192
0.921921921921922,0.84994003012021,1.84384384384384,0.261192782028933
0.922922922922923,0.851786721656591,1.84584584584585,0.262044496952745
0.923923923923924,0.853635417198981,1.84784784784785,0.262898061419639
0.924924924924925,0.855486116747378,1.84984984984985,0.263753477435628
0.925925925925926,0.857338820301783,1.85185185185185,0.264610747006723
0.926926926926927,0.859193527862196,1.85385385385385,0.265469872138937
0.927927927927928,0.861050239428618,1.85585585585586,0.266330854838281
0.928928928928929,0.862908955001047,1.85785785785786,0.267193697110768
0.92992992992993,0.864769674579484,1.85985985985986,0.268058400962409
0.930930930930931,0.86663239816393,1.86186186186186,0.268924968399217
0.931931931931932,0.868497125754383,1.86386386386386,0.269793401427204
0.932932932932933,0.870363857350844,1.86586586586587,0.270663702052381
0.933933933933934,0.872232592953314,1.86786786786787,0.271535872280761
0.934934934934935,0.874103332561791,1.86986986986987,0.272409914118356
0.935935935935936,0.875976076176276,1.87187187187187,0.273285829571177
0.936936936936937,0.87785082379677,1.87387387387387,0.274163620645237
0.937937937937938,0.879727575423271,1.87587587587588,0.275043289346548
0.938938938938939,0.881606331055781,1.87787787787788,0.275924837681122
0.93993993993994,0.883487090694298,1.87987987987988,0.27680826765497
0.940940940940941,0.885369854338823,1.88188188188188,0.277693581274105
0.941941941941942,0.887254621989357,1.88388388388388,0.278580780544539
0.942942942942943,0.889141393645898,1.88588588588589,0.279469867472284
0.943943943943944,0.891030169308448,1.88788788788789,0.280360844063352
0.944944944944945,0.892920948977005,1.88988988988989,0.281253712323755
0.945945945945946,0.89481373265157,1.89189189189189,0.282148474259504
0.946946946946947,0.896708520332144,1.89389389389389,0.283045131876613
0.947947947947948,0.898605312018725,1.8958958958959,0.283943687181092
0.948948948948949,0.900504107711315,1.8978978978979,0.284844142178954
0.94994994994995,0.902404907409912,1.8998998998999,0.285746498876212
0.950950950950951,0.904307711114518,1.9019019019019,0.286650759278876
0.951951951951952,0.906212518825131,1.9039039039039,0.28755692539296
0.952952952952953,0.908119330541753,1.90590590590591,0.288464999224474
0.953953953953954,0.910028146264383,1.90790790790791,0.289374982779432
0.954954954954955,0.91193896599302,1.90990990990991,0.290286878063844
0.955955955955956,0.913851789727666,1.91191191191191,0.291200687083724
0.956956956956957,0.915766617468319,1.91391391391391,0.292116411845083
0.957957957957958,0.917683449214981,1.91591591591592,0.293034054353933
0.958958958958959,0.91960228496765,1.91791791791792,0.293953616616286
0.95995995995996,0.921523124726328,1.91991991991992,0.294875100638154
0.960960960960961,0.923445968491014,1.92192192192192,0.29579850842555
0.961961961961962,0.925370816261707,1.92392392392392,0.296723841984485
0.962962962962963,0.927297668038409,1.92592592592593,0.297651103320971
0.963963963963964,0.929226523821118,1.92792792792793,0.29858029444102
0.964964964964965,0.931157383609836,1.92992992992993,0.299511417350645
0.965965965965966,0.933090247404562,1.93193193193193,0.300444474055857
0.966966966966967,0.935025115205295,1.93393393393393,0.301379466562668
0.967967967967968,0.936961987012037,1.93593593593594,0.30231639687709
0.968968968968969,0.938900862824787,1.93793793793794,0.303255267005136
0.96996996996997,0.940841742643544,1.93993993993994,0.304196078952818
0.970970970970971,0.94278462646831,1.94194194194194,0.305138834726146
0.971971971971972,0.944729514299084,1.94394394394394,0.306083536331135
0.972972972972973,0.946676406135865,1.94594594594595,0.307030185773794
0.973973973973974,0.948625301978655,1.94794794794795,0.307978785060137
0.974974974974975,0.950576201827453,1.94994994994995,0.308929336196176
0.975975975975976,0.952529105682259,1.95195195195195,0.309881841187922
0.976976976976977,0.954484013543073,1.95395395395395,0.310836302041388
0.977977977977978,0.956440925409894,1.95595595595596,0.311792720762585
0.978978978978979,0.958399841282724,1.95795795795796,0.312751099357526
0.97997997997998,0.960360761161562,1.95995995995996,0.313711439832222
0.980980980980981,0.962323685046408,1.96196196196196,0.314673744192686
0.981981981981982,0.964288612937262,1.96396396396396,0.315638014444929
0.982982982982983,0.966255544834123,1.96596596596597,0.316604252594965
0.983983983983984,0.968224480736993,1.96796796796797,0.317572460648804
0.984984984984985,0.970195420645871,1.96996996996997,0.318542640612458
0.985985985985986,0.972168364560757,1.97197197197197,0.31951479449194
0.986986986986987,0.974143312481651,1.97397397397397,0.320488924293262
0.987987987987988,0.976120264408553,1.97597597597598,0.321465032022436
0.988988988988989,0.978099220341463,1.97797797797798,0.322443119685474
0.98998998998999,0.98008018028038,1.97997997997998,0.323423189288387
0.990990990990991,0.982063144225306,1.98198198198198,0.324405242837188
0.991991991991992,0.98404811217624,1.98398398398398,0.325389282337889
0.992992992992993,0.986035084133182,1.98598598598599,0.326375309796502
0.993993993993994,0.988024060096132,1.98798798798799,0.327363327219039
0.994994994994995,0.99001504006509,1.98998998998999,0.328353336611511
0.995995995995996,0.992008024040056,1.99199199199199,0.329345339979932
0.996996996996997,0.99400301202103,1.99399399399399,0.330339339330312
0.997997997997998,0.996000004008012,1.995995995996,0.331335336668665
0.998998998998999,0.997999000001002,1.997997997998,0.332333334001001
1,1,2,0.333333333333333
